[{"model": "admin.logentry", "pk": 1, "fields": {"action_time": "2024-02-11T23:29:08.697Z", "user": 1, "content_type": 13, "object_id": "1", "object_repr": "Уведомление для None", "action_flag": 1, "change_message": "[{\"added\": {}}]"}}, {"model": "admin.logentry", "pk": 2, "fields": {"action_time": "2024-02-11T23:32:54.828Z", "user": 1, "content_type": 13, "object_id": "1", "object_repr": "Уведомление для None", "action_flag": 2, "change_message": "[]"}}, {"model": "admin.logentry", "pk": 3, "fields": {"action_time": "2024-02-12T07:15:01.924Z", "user": 1, "content_type": 13, "object_id": "3", "object_repr": "Уведомление  kme", "action_flag": 1, "change_message": "[{\"added\": {}}]"}}, {"model": "admin.logentry", "pk": 4, "fields": {"action_time": "2024-02-12T07:15:41.506Z", "user": 1, "content_type": 13, "object_id": "3", "object_repr": "Уведомление  kme", "action_flag": 2, "change_message": "[{\"changed\": {\"fields\": [\"\\u041e\\u0442\\u043f\\u0440\\u0430\\u0432\\u043b\\u0435\\u043d\\u043e\"]}}]"}}, {"model": "admin.logentry", "pk": 5, "fields": {"action_time": "2024-02-12T07:20:02.955Z", "user": 1, "content_type": 13, "object_id": "3", "object_repr": "Уведомление  kme", "action_flag": 3, "change_message": ""}}, {"model": "admin.logentry", "pk": 6, "fields": {"action_time": "2024-02-12T07:20:06.098Z", "user": 1, "content_type": 13, "object_id": "4", "object_repr": "Уведомление  ekfklsdfsd", "action_flag": 1, "change_message": "[{\"added\": {}}]"}}, {"model": "admin.logentry", "pk": 7, "fields": {"action_time": "2024-02-12T07:31:16.242Z", "user": 1, "content_type": 13, "object_id": "4", "object_repr": "Уведомление  ekfklsdfsd", "action_flag": 2, "change_message": "[]"}}, {"model": "admin.logentry", "pk": 8, "fields": {"action_time": "2024-02-12T07:31:58.268Z", "user": 1, "content_type": 13, "object_id": "4", "object_repr": "Уведомление  ekfklsdfsd", "action_flag": 3, "change_message": ""}}, {"model": "admin.logentry", "pk": 9, "fields": {"action_time": "2024-02-12T07:32:02.137Z", "user": 1, "content_type": 13, "object_id": "5", "object_repr": "Уведомление  ищыыыыы", "action_flag": 1, "change_message": "[{\"added\": {}}]"}}, {"model": "admin.logentry", "pk": 10, "fields": {"action_time": "2024-02-12T07:32:57.187Z", "user": 1, "content_type": 13, "object_id": "6", "object_repr": "Уведомление  ddsfsf", "action_flag": 1, "change_message": "[{\"added\": {}}]"}}, {"model": "admin.logentry", "pk": 11, "fields": {"action_time": "2024-02-12T07:35:28.698Z", "user": 1, "content_type": 13, "object_id": "7", "object_repr": "Уведомление  ваывавы", "action_flag": 1, "change_message": "[{\"added\": {}}]"}}, {"model": "admin.logentry", "pk": 12, "fields": {"action_time": "2024-02-12T07:36:00.196Z", "user": 1, "content_type": 13, "object_id": "8", "object_repr": "Уведомление  sdf", "action_flag": 1, "change_message": "[{\"added\": {}}]"}}, {"model": "auth.permission", "pk": 1, "fields": {"name": "Can add log entry", "content_type": 1, "codename": "add_logentry"}}, {"model": "auth.permission", "pk": 2, "fields": {"name": "Can change log entry", "content_type": 1, "codename": "change_logentry"}}, {"model": "auth.permission", "pk": 3, "fields": {"name": "Can delete log entry", "content_type": 1, "codename": "delete_logentry"}}, {"model": "auth.permission", "pk": 4, "fields": {"name": "Can view log entry", "content_type": 1, "codename": "view_logentry"}}, {"model": "auth.permission", "pk": 5, "fields": {"name": "Can add permission", "content_type": 2, "codename": "add_permission"}}, {"model": "auth.permission", "pk": 6, "fields": {"name": "Can change permission", "content_type": 2, "codename": "change_permission"}}, {"model": "auth.permission", "pk": 7, "fields": {"name": "Can delete permission", "content_type": 2, "codename": "delete_permission"}}, {"model": "auth.permission", "pk": 8, "fields": {"name": "Can view permission", "content_type": 2, "codename": "view_permission"}}, {"model": "auth.permission", "pk": 9, "fields": {"name": "Can add group", "content_type": 3, "codename": "add_group"}}, {"model": "auth.permission", "pk": 10, "fields": {"name": "Can change group", "content_type": 3, "codename": "change_group"}}, {"model": "auth.permission", "pk": 11, "fields": {"name": "Can delete group", "content_type": 3, "codename": "delete_group"}}, {"model": "auth.permission", "pk": 12, "fields": {"name": "Can view group", "content_type": 3, "codename": "view_group"}}, {"model": "auth.permission", "pk": 13, "fields": {"name": "Can add user", "content_type": 4, "codename": "add_user"}}, {"model": "auth.permission", "pk": 14, "fields": {"name": "Can change user", "content_type": 4, "codename": "change_user"}}, {"model": "auth.permission", "pk": 15, "fields": {"name": "Can delete user", "content_type": 4, "codename": "delete_user"}}, {"model": "auth.permission", "pk": 16, "fields": {"name": "Can view user", "content_type": 4, "codename": "view_user"}}, {"model": "auth.permission", "pk": 17, "fields": {"name": "Can add content type", "content_type": 5, "codename": "add_contenttype"}}, {"model": "auth.permission", "pk": 18, "fields": {"name": "Can change content type", "content_type": 5, "codename": "change_contenttype"}}, {"model": "auth.permission", "pk": 19, "fields": {"name": "Can delete content type", "content_type": 5, "codename": "delete_contenttype"}}, {"model": "auth.permission", "pk": 20, "fields": {"name": "Can view content type", "content_type": 5, "codename": "view_contenttype"}}, {"model": "auth.permission", "pk": 21, "fields": {"name": "Can add session", "content_type": 6, "codename": "add_session"}}, {"model": "auth.permission", "pk": 22, "fields": {"name": "Can change session", "content_type": 6, "codename": "change_session"}}, {"model": "auth.permission", "pk": 23, "fields": {"name": "Can delete session", "content_type": 6, "codename": "delete_session"}}, {"model": "auth.permission", "pk": 24, "fields": {"name": "Can view session", "content_type": 6, "codename": "view_session"}}, {"model": "auth.permission", "pk": 25, "fields": {"name": "Can add Категория", "content_type": 7, "codename": "add_category"}}, {"model": "auth.permission", "pk": 26, "fields": {"name": "Can change Категория", "content_type": 7, "codename": "change_category"}}, {"model": "auth.permission", "pk": 27, "fields": {"name": "Can delete Категория", "content_type": 7, "codename": "delete_category"}}, {"model": "auth.permission", "pk": 28, "fields": {"name": "Can view Категория", "content_type": 7, "codename": "view_category"}}, {"model": "auth.permission", "pk": 29, "fields": {"name": "Can add Товар", "content_type": 8, "codename": "add_product"}}, {"model": "auth.permission", "pk": 30, "fields": {"name": "Can change Товар", "content_type": 8, "codename": "change_product"}}, {"model": "auth.permission", "pk": 31, "fields": {"name": "Can delete Товар", "content_type": 8, "codename": "delete_product"}}, {"model": "auth.permission", "pk": 32, "fields": {"name": "Can view Товар", "content_type": 8, "codename": "view_product"}}, {"model": "auth.permission", "pk": 33, "fields": {"name": "Can add Корзина", "content_type": 9, "codename": "add_shopcart"}}, {"model": "auth.permission", "pk": 34, "fields": {"name": "Can change Корзина", "content_type": 9, "codename": "change_shopcart"}}, {"model": "auth.permission", "pk": 35, "fields": {"name": "Can delete Корзина", "content_type": 9, "codename": "delete_shopcart"}}, {"model": "auth.permission", "pk": 36, "fields": {"name": "Can view Корзина", "content_type": 9, "codename": "view_shopcart"}}, {"model": "auth.permission", "pk": 37, "fields": {"name": "Can add Пользователь Telegram", "content_type": 10, "codename": "add_tguser"}}, {"model": "auth.permission", "pk": 38, "fields": {"name": "Can change Пользователь Telegram", "content_type": 10, "codename": "change_tguser"}}, {"model": "auth.permission", "pk": 39, "fields": {"name": "Can delete Пользователь Telegram", "content_type": 10, "codename": "delete_tguser"}}, {"model": "auth.permission", "pk": 40, "fields": {"name": "Can view Пользователь Telegram", "content_type": 10, "codename": "view_tguser"}}, {"model": "auth.permission", "pk": 41, "fields": {"name": "Can add Товар Кол-во", "content_type": 11, "codename": "add_productquantity"}}, {"model": "auth.permission", "pk": 42, "fields": {"name": "Can change Товар Кол-во", "content_type": 11, "codename": "change_productquantity"}}, {"model": "auth.permission", "pk": 43, "fields": {"name": "Can delete Товар Кол-во", "content_type": 11, "codename": "delete_productquantity"}}, {"model": "auth.permission", "pk": 44, "fields": {"name": "Can view Товар Кол-во", "content_type": 11, "codename": "view_productquantity"}}, {"model": "auth.permission", "pk": 45, "fields": {"name": "Can add Подкатегория", "content_type": 12, "codename": "add_subcategory"}}, {"model": "auth.permission", "pk": 46, "fields": {"name": "Can change Подкатегория", "content_type": 12, "codename": "change_subcategory"}}, {"model": "auth.permission", "pk": 47, "fields": {"name": "Can delete Подкатегория", "content_type": 12, "codename": "delete_subcategory"}}, {"model": "auth.permission", "pk": 48, "fields": {"name": "Can view Подкатегория", "content_type": 12, "codename": "view_subcategory"}}, {"model": "auth.permission", "pk": 49, "fields": {"name": "Can add Уведомление", "content_type": 13, "codename": "add_notification"}}, {"model": "auth.permission", "pk": 50, "fields": {"name": "Can change Уведомление", "content_type": 13, "codename": "change_notification"}}, {"model": "auth.permission", "pk": 51, "fields": {"name": "Can delete Уведомление", "content_type": 13, "codename": "delete_notification"}}, {"model": "auth.permission", "pk": 52, "fields": {"name": "Can view Уведомление", "content_type": 13, "codename": "view_notification"}}, {"model": "auth.permission", "pk": 53, "fields": {"name": "Can add FAQ", "content_type": 14, "codename": "add_faq"}}, {"model": "auth.permission", "pk": 54, "fields": {"name": "Can change FAQ", "content_type": 14, "codename": "change_faq"}}, {"model": "auth.permission", "pk": 55, "fields": {"name": "Can delete FAQ", "content_type": 14, "codename": "delete_faq"}}, {"model": "auth.permission", "pk": 56, "fields": {"name": "Can view FAQ", "content_type": 14, "codename": "view_faq"}}, {"model": "auth.user", "pk": 1, "fields": {"password": "pbkdf2_sha256$720000$ILUV5vd4w8n3fqMmjNMVXn$Xx6qrcjLAAIoFRjESSeTpE+rGtuCCYCMb0NDMYfmWgw=", "last_login": "2024-02-11T21:31:38.071Z", "is_superuser": true, "username": "pavel", "first_name": "", "last_name": "", "email": "", "is_staff": true, "is_active": true, "date_joined": "2024-02-11T21:31:34.590Z", "groups": [], "user_permissions": []}}, {"model": "contenttypes.contenttype", "pk": 1, "fields": {"app_label": "admin", "model": "logentry"}}, {"model": "contenttypes.contenttype", "pk": 2, "fields": {"app_label": "auth", "model": "permission"}}, {"model": "contenttypes.contenttype", "pk": 3, "fields": {"app_label": "auth", "model": "group"}}, {"model": "contenttypes.contenttype", "pk": 4, "fields": {"app_label": "auth", "model": "user"}}, {"model": "contenttypes.contenttype", "pk": 5, "fields": {"app_label": "contenttypes", "model": "contenttype"}}, {"model": "contenttypes.contenttype", "pk": 6, "fields": {"app_label": "sessions", "model": "session"}}, {"model": "contenttypes.contenttype", "pk": 7, "fields": {"app_label": "bot", "model": "category"}}, {"model": "contenttypes.contenttype", "pk": 8, "fields": {"app_label": "bot", "model": "product"}}, {"model": "contenttypes.contenttype", "pk": 9, "fields": {"app_label": "bot", "model": "shopcart"}}, {"model": "contenttypes.contenttype", "pk": 10, "fields": {"app_label": "bot", "model": "tguser"}}, {"model": "contenttypes.contenttype", "pk": 11, "fields": {"app_label": "bot", "model": "productquantity"}}, {"model": "contenttypes.contenttype", "pk": 12, "fields": {"app_label": "bot", "model": "subcategory"}}, {"model": "contenttypes.contenttype", "pk": 13, "fields": {"app_label": "bot", "model": "notification"}}, {"model": "contenttypes.contenttype", "pk": 14, "fields": {"app_label": "bot", "model": "faq"}}, {"model": "sessions.session", "pk": "bj4voju50o2lnztn5qfl4ysrbzoqzyq5", "fields": {"session_data": ".eJxVjMEOwiAQRP-FsyFUlrp49N5vIHR3kaqhSWlPxn-XJj3oYS7z3sxbhbitOWxVljCxuqpOnX67MdJTyg74Ect91jSXdZlGvSv6oFUPM8vrdrh_BznW3NYWMcWUHAtCT5jYG7CJgAnFewvOEFhq6fBM3nCPTQB3EQeOkkX1-QLxCzeb:1rZHQI:hhvv02uKg5zTUVpjhBDAsJ6FS-pk8ien3Mhx7UB-YJQ", "expire_date": "2024-02-25T21:31:38.073Z"}}, {"model": "bot.tguser", "pk": 1, "fields": {"telegram_id": 894785752, "username": null, "created_at": "2024-02-11T21:29:55.609Z", "updated_at": "2024-02-11T21:29:55.609Z"}}, {"model": "bot.category", "pk": 1, "fields": {"name": "Electronics"}}, {"model": "bot.category", "pk": 2, "fields": {"name": "Clothing"}}, {"model": "bot.category", "pk": 3, "fields": {"name": "Books"}}, {"model": "bot.category", "pk": 4, "fields": {"name": "Home Appliances"}}, {"model": "bot.category", "pk": 5, "fields": {"name": "Sports Equipment"}}, {"model": "bot.category", "pk": 6, "fields": {"name": "Furniture"}}, {"model": "bot.category", "pk": 7, "fields": {"name": "Toys"}}, {"model": "bot.category", "pk": 8, "fields": {"name": "Beauty Products"}}, {"model": "bot.category", "pk": 9, "fields": {"name": "Jewelry"}}, {"model": "bot.category", "pk": 10, "fields": {"name": "Automotive"}}, {"model": "bot.category", "pk": 11, "fields": {"name": "Gardening Supplies"}}, {"model": "bot.category", "pk": 12, "fields": {"name": "Pet Supplies"}}, {"model": "bot.category", "pk": 13, "fields": {"name": "Kitchenware"}}, {"model": "bot.category", "pk": 14, "fields": {"name": "Office Supplies"}}, {"model": "bot.category", "pk": 15, "fields": {"name": "Healthcare"}}, {"model": "bot.category", "pk": 16, "fields": {"name": "Travel Accessories"}}, {"model": "bot.category", "pk": 17, "fields": {"name": "Art and Crafts"}}, {"model": "bot.category", "pk": 18, "fields": {"name": "Food and Beverages"}}, {"model": "bot.category", "pk": 19, "fields": {"name": "Music and Instruments"}}, {"model": "bot.category", "pk": 20, "fields": {"name": "Fitness Gear"}}, {"model": "bot.subcategory", "pk": 1, "fields": {"category": 1, "name": "Smartphones"}}, {"model": "bot.subcategory", "pk": 2, "fields": {"category": 1, "name": "Laptops"}}, {"model": "bot.subcategory", "pk": 3, "fields": {"category": 1, "name": "Tablets"}}, {"model": "bot.subcategory", "pk": 4, "fields": {"category": 1, "name": "Televisions"}}, {"model": "bot.subcategory", "pk": 5, "fields": {"category": 1, "name": "Cameras"}}, {"model": "bot.subcategory", "pk": 6, "fields": {"category": 1, "name": "Headphones"}}, {"model": "bot.subcategory", "pk": 7, "fields": {"category": 1, "name": "Gaming Consoles"}}, {"model": "bot.subcategory", "pk": 8, "fields": {"category": 2, "name": "Men's Clothing"}}, {"model": "bot.subcategory", "pk": 9, "fields": {"category": 2, "name": "Women's Clothing"}}, {"model": "bot.subcategory", "pk": 10, "fields": {"category": 2, "name": "Children's Clothing"}}, {"model": "bot.subcategory", "pk": 11, "fields": {"category": 2, "name": "Footwear"}}, {"model": "bot.subcategory", "pk": 12, "fields": {"category": 2, "name": "Accessories"}}, {"model": "bot.subcategory", "pk": 13, "fields": {"category": 2, "name": "Outerwear"}}, {"model": "bot.subcategory", "pk": 14, "fields": {"category": 2, "name": "Sportswear"}}, {"model": "bot.subcategory", "pk": 15, "fields": {"category": 3, "name": "Fiction"}}, {"model": "bot.subcategory", "pk": 16, "fields": {"category": 3, "name": "Non-Fiction"}}, {"model": "bot.subcategory", "pk": 17, "fields": {"category": 3, "name": "Children's Books"}}, {"model": "bot.subcategory", "pk": 18, "fields": {"category": 3, "name": "Poetry"}}, {"model": "bot.subcategory", "pk": 19, "fields": {"category": 3, "name": "Drama"}}, {"model": "bot.subcategory", "pk": 20, "fields": {"category": 3, "name": "Science Fiction"}}, {"model": "bot.subcategory", "pk": 21, "fields": {"category": 3, "name": "Adventure"}}, {"model": "bot.subcategory", "pk": 22, "fields": {"category": 4, "name": "Refrigerators"}}, {"model": "bot.subcategory", "pk": 23, "fields": {"category": 4, "name": "Washing Machines"}}, {"model": "bot.subcategory", "pk": 24, "fields": {"category": 4, "name": "Microwaves"}}, {"model": "bot.subcategory", "pk": 25, "fields": {"category": 4, "name": "Vacuum Cleaners"}}, {"model": "bot.subcategory", "pk": 26, "fields": {"category": 4, "name": "Air Conditioners"}}, {"model": "bot.subcategory", "pk": 27, "fields": {"category": 4, "name": "Coffee Makers"}}, {"model": "bot.subcategory", "pk": 28, "fields": {"category": 4, "name": "Blenders"}}, {"model": "bot.subcategory", "pk": 29, "fields": {"category": 5, "name": "Fitness"}}, {"model": "bot.subcategory", "pk": 30, "fields": {"category": 5, "name": "Running"}}, {"model": "bot.subcategory", "pk": 31, "fields": {"category": 5, "name": "Swimming"}}, {"model": "bot.subcategory", "pk": 32, "fields": {"category": 5, "name": "Yoga"}}, {"model": "bot.subcategory", "pk": 33, "fields": {"category": 5, "name": "Tennis"}}, {"model": "bot.subcategory", "pk": 34, "fields": {"category": 5, "name": "Football"}}, {"model": "bot.subcategory", "pk": 35, "fields": {"category": 5, "name": "Basketball"}}, {"model": "bot.subcategory", "pk": 36, "fields": {"category": 6, "name": "Living Room"}}, {"model": "bot.subcategory", "pk": 37, "fields": {"category": 6, "name": "Bedroom"}}, {"model": "bot.subcategory", "pk": 38, "fields": {"category": 6, "name": "Dining Room"}}, {"model": "bot.subcategory", "pk": 39, "fields": {"category": 6, "name": "Outdoor"}}, {"model": "bot.subcategory", "pk": 40, "fields": {"category": 6, "name": "Office"}}, {"model": "bot.subcategory", "pk": 41, "fields": {"category": 6, "name": "Kids Room"}}, {"model": "bot.subcategory", "pk": 42, "fields": {"category": 6, "name": "Storage"}}, {"model": "bot.subcategory", "pk": 43, "fields": {"category": 7, "name": "Action Figures"}}, {"model": "bot.subcategory", "pk": 44, "fields": {"category": 7, "name": "Dolls"}}, {"model": "bot.subcategory", "pk": 45, "fields": {"category": 7, "name": "Building Sets"}}, {"model": "bot.subcategory", "pk": 46, "fields": {"category": 7, "name": "Educational Toys"}}, {"model": "bot.subcategory", "pk": 47, "fields": {"category": 7, "name": "Outdoor Play"}}, {"model": "bot.subcategory", "pk": 48, "fields": {"category": 7, "name": "Board Games"}}, {"model": "bot.subcategory", "pk": 49, "fields": {"category": 7, "name": "Puzzles"}}, {"model": "bot.subcategory", "pk": 50, "fields": {"category": 8, "name": "Skincare"}}, {"model": "bot.subcategory", "pk": 51, "fields": {"category": 8, "name": "Haircare"}}, {"model": "bot.subcategory", "pk": 52, "fields": {"category": 8, "name": "Makeup"}}, {"model": "bot.subcategory", "pk": 53, "fields": {"category": 8, "name": "Perfumes"}}, {"model": "bot.subcategory", "pk": 54, "fields": {"category": 8, "name": "SPA Treatments"}}, {"model": "bot.subcategory", "pk": 55, "fields": {"category": 8, "name": "Manicure"}}, {"model": "bot.subcategory", "pk": 56, "fields": {"category": 8, "name": "Pedicure"}}, {"model": "bot.subcategory", "pk": 57, "fields": {"category": 9, "name": "Necklaces"}}, {"model": "bot.subcategory", "pk": 58, "fields": {"category": 9, "name": "Earrings"}}, {"model": "bot.subcategory", "pk": 59, "fields": {"category": 9, "name": "Bracelets"}}, {"model": "bot.subcategory", "pk": 60, "fields": {"category": 9, "name": "Rings"}}, {"model": "bot.subcategory", "pk": 61, "fields": {"category": 9, "name": "Watches"}}, {"model": "bot.subcategory", "pk": 62, "fields": {"category": 9, "name": "Anklets"}}, {"model": "bot.subcategory", "pk": 63, "fields": {"category": 9, "name": "Brooches"}}, {"model": "bot.subcategory", "pk": 64, "fields": {"category": 10, "name": "Car Parts"}}, {"model": "bot.subcategory", "pk": 65, "fields": {"category": 10, "name": "Car Accessories"}}, {"model": "bot.subcategory", "pk": 66, "fields": {"category": 10, "name": "Car Care"}}, {"model": "bot.subcategory", "pk": 67, "fields": {"category": 10, "name": "Car Electronics"}}, {"model": "bot.subcategory", "pk": 68, "fields": {"category": 10, "name": "Motorcycle Parts"}}, {"model": "bot.subcategory", "pk": 69, "fields": {"category": 10, "name": "Motorcycle Accessories"}}, {"model": "bot.subcategory", "pk": 70, "fields": {"category": 10, "name": "Motorcycle Gear"}}, {"model": "bot.subcategory", "pk": 71, "fields": {"category": 11, "name": "Plants"}}, {"model": "bot.subcategory", "pk": 72, "fields": {"category": 11, "name": "Tools"}}, {"model": "bot.subcategory", "pk": 73, "fields": {"category": 11, "name": "Soil"}}, {"model": "bot.subcategory", "pk": 74, "fields": {"category": 11, "name": "Pots"}}, {"model": "bot.subcategory", "pk": 75, "fields": {"category": 11, "name": "Fertilizers"}}, {"model": "bot.subcategory", "pk": 76, "fields": {"category": 11, "name": "Pesticides"}}, {"model": "bot.subcategory", "pk": 77, "fields": {"category": 11, "name": "Watering Equipment"}}, {"model": "bot.subcategory", "pk": 78, "fields": {"category": 12, "name": "Dog Food"}}, {"model": "bot.subcategory", "pk": 79, "fields": {"category": 12, "name": "Cat Food"}}, {"model": "bot.subcategory", "pk": 80, "fields": {"category": 12, "name": "Pet Toys"}}, {"model": "bot.subcategory", "pk": 81, "fields": {"category": 12, "name": "Pet Grooming"}}, {"model": "bot.subcategory", "pk": 82, "fields": {"category": 12, "name": "Pet Beds"}}, {"model": "bot.subcategory", "pk": 83, "fields": {"category": 12, "name": "Collars and Leashes"}}, {"model": "bot.subcategory", "pk": 84, "fields": {"category": 12, "name": "Aquarium Supplies"}}, {"model": "bot.subcategory", "pk": 85, "fields": {"category": 13, "name": "Cookware"}}, {"model": "bot.subcategory", "pk": 86, "fields": {"category": 13, "name": "Cutlery"}}, {"model": "bot.subcategory", "pk": 87, "fields": {"category": 13, "name": "Bakeware"}}, {"model": "bot.subcategory", "pk": 88, "fields": {"category": 13, "name": "Utensils"}}, {"model": "bot.subcategory", "pk": 91, "fields": {"category": 13, "name": "Storage"}}, {"model": "bot.subcategory", "pk": 92, "fields": {"category": 13, "name": "Drinkware"}}, {"model": "bot.subcategory", "pk": 93, "fields": {"category": 13, "name": "Kitchen Appliances"}}, {"model": "bot.subcategory", "pk": 94, "fields": {"category": 14, "name": "Stationery"}}, {"model": "bot.subcategory", "pk": 95, "fields": {"category": 14, "name": "Desk Accessories"}}, {"model": "bot.subcategory", "pk": 96, "fields": {"category": 14, "name": "Paper Products"}}, {"model": "bot.subcategory", "pk": 97, "fields": {"category": 14, "name": "Writing Instruments"}}, {"model": "bot.subcategory", "pk": 98, "fields": {"category": 14, "name": "Organizers"}}, {"model": "bot.subcategory", "pk": 99, "fields": {"category": 14, "name": "Filing Products"}}, {"model": "bot.subcategory", "pk": 100, "fields": {"category": 14, "name": "Presentation Supplies"}}, {"model": "bot.subcategory", "pk": 101, "fields": {"category": 15, "name": "Vitamins and Supplements"}}, {"model": "bot.subcategory", "pk": 102, "fields": {"category": 15, "name": "First Aid"}}, {"model": "bot.subcategory", "pk": 103, "fields": {"category": 15, "name": "Medical Devices"}}, {"model": "bot.subcategory", "pk": 104, "fields": {"category": 15, "name": "Oral Care"}}, {"model": "bot.subcategory", "pk": 105, "fields": {"category": 15, "name": "Health Monitors"}}, {"model": "bot.subcategory", "pk": 106, "fields": {"category": 15, "name": "Health Accessories"}}, {"model": "bot.subcategory", "pk": 107, "fields": {"category": 15, "name": "Personal Care"}}, {"model": "bot.subcategory", "pk": 108, "fields": {"category": 16, "name": "Luggage"}}, {"model": "bot.subcategory", "pk": 109, "fields": {"category": 16, "name": "Travel Bags"}}, {"model": "bot.subcategory", "pk": 110, "fields": {"category": 16, "name": "Travel Accessories"}}, {"model": "bot.subcategory", "pk": 111, "fields": {"category": 16, "name": "Travel Electronics"}}, {"model": "bot.subcategory", "pk": 112, "fields": {"category": 16, "name": "Travel Clothing"}}, {"model": "bot.subcategory", "pk": 113, "fields": {"category": 16, "name": "Travel Toiletries"}}, {"model": "bot.subcategory", "pk": 114, "fields": {"category": 16, "name": "Travel Safety Gear"}}, {"model": "bot.subcategory", "pk": 115, "fields": {"category": 17, "name": "Drawing"}}, {"model": "bot.subcategory", "pk": 116, "fields": {"category": 17, "name": "Painting"}}, {"model": "bot.subcategory", "pk": 117, "fields": {"category": 17, "name": "Sculpting"}}, {"model": "bot.subcategory", "pk": 118, "fields": {"category": 17, "name": "Craft Kits"}}, {"model": "bot.subcategory", "pk": 119, "fields": {"category": 17, "name": "DIY Materials"}}, {"model": "bot.subcategory", "pk": 120, "fields": {"category": 17, "name": "Art Supplies"}}, {"model": "bot.subcategory", "pk": 121, "fields": {"category": 17, "name": "Craft Tools"}}, {"model": "bot.subcategory", "pk": 122, "fields": {"category": 18, "name": "Snacks"}}, {"model": "bot.subcategory", "pk": 123, "fields": {"category": 18, "name": "Beverages"}}, {"model": "bot.subcategory", "pk": 124, "fields": {"category": 18, "name": "Canned Foods"}}, {"model": "bot.subcategory", "pk": 125, "fields": {"category": 18, "name": "Baking Ingredients"}}, {"model": "bot.subcategory", "pk": 126, "fields": {"category": 18, "name": "Condiments"}}, {"model": "bot.subcategory", "pk": 127, "fields": {"category": 18, "name": "Frozen Foods"}}, {"model": "bot.subcategory", "pk": 128, "fields": {"category": 18, "name": "Dairy Products"}}, {"model": "bot.subcategory", "pk": 129, "fields": {"category": 19, "name": "Guitars"}}, {"model": "bot.subcategory", "pk": 130, "fields": {"category": 19, "name": "Keyboards"}}, {"model": "bot.subcategory", "pk": 131, "fields": {"category": 19, "name": "Drums"}}, {"model": "bot.subcategory", "pk": 132, "fields": {"category": 19, "name": "Wind Instruments"}}, {"model": "bot.subcategory", "pk": 133, "fields": {"category": 19, "name": "String Instruments"}}, {"model": "bot.subcategory", "pk": 134, "fields": {"category": 19, "name": "DJ Equipment"}}, {"model": "bot.subcategory", "pk": 135, "fields": {"category": 19, "name": "Music Accessories"}}, {"model": "bot.subcategory", "pk": 136, "fields": {"category": 20, "name": "Exercise Machines"}}, {"model": "bot.subcategory", "pk": 137, "fields": {"category": 20, "name": "Free Weights"}}, {"model": "bot.subcategory", "pk": 138, "fields": {"category": 20, "name": "Yoga Equipment"}}, {"model": "bot.subcategory", "pk": 139, "fields": {"category": 20, "name": "Resistance Bands"}}, {"model": "bot.subcategory", "pk": 140, "fields": {"category": 20, "name": "Exercise Balls"}}, {"model": "bot.subcategory", "pk": 141, "fields": {"category": 20, "name": "Cardio Equipment"}}, {"model": "bot.subcategory", "pk": 142, "fields": {"category": 20, "name": "Fitness Accessories"}}, {"model": "bot.product", "pk": 1, "fields": {"subcategory": 1, "name": "Apple iPhone 15 Pro Max 256GB Black Titanium", "description": "Данная модель могла быть активирована до продажи без привязки к аккаунту Apple ID. Это не влияет на потребительские характеристики, внешний вид товара, функциональность или какие-либо иные свойства продукта. Срок гарантии на смартфон составляет 1 год с момента покупки.\r\n\r\nСмартфон Apple iPhone 15 Pro Max Black Titanium получил дисплей диагональю 6,7 дюйма, выполненный по технологии Super Retina XDR. Разрешение — 2796x1290 пикселей, яркость достигает 2000 кд/м², контрастность составляет 2000000:1 — изображение четкое, детализированное и насыщенное. Частота обновления 120 Гц обеспечивает плавность отображения любого динамичного контента. Экран защищает прочное стекло Ceramic Shield.\r\nВ основе — шестиядерный процессор A17 Pro. Объем встроенной памяти для хранения данных — 256 Гб. Смартфон работает с nano-SIM и e-SIM в сетях вплоть до 5G. Предусмотрена поддержка Wi-Fi для выхода в Сеть там, где есть точка доступа, Bluetooth версии 5.3 для связи с совместимыми устройствами и NFC для бесконтактной оплаты и других задач.\r\nОсновная камера тройная: 48/12/12 Мп. Она способна снимать в разрешении до 4К (3840x2160 пикселей). Оптический зум на увеличение и на уменьшение, цифровая и оптическая стабилизация и вспышка помогут получить отличные результаты в любых условиях. Фокус при съемке портретов можно менять уже после того, как сделан снимок. Для селфи и видеосвязи предназначена фронтальная камера на 12 Мп.\r\nСмартфон снабжен универсальным портом USB Type-C, соответствующий кабель для зарядки прилагается. Доступна также беспроводная и быстрая зарядка, поддерживается технология MagSafe. Корпус выполнен из авиационного титана, внутренняя рама — из алюминия (100% переработки), задняя панель отделана стеклом. На боковой панели размещена кнопка Action Button, отвечающая активацию беззвучного режима, включение камеры, фонарика и прочих функций. Заявлена защита по стандарту IP68 — смартфон может без вреда для себя погружаться на глубину до 6 м.", "photo": "product_photos/30069508bb.jpg", "price": "1.00"}}, {"model": "bot.product", "pk": 2, "fields": {"subcategory": 1, "name": "Samsung Galaxy S21 FE 8/256GB Grey", "description": "Стильный и производительный смартфон с ярким, большим экраном и расширенными возможностями для создания захватывающих фото и видео. Влагозащищенный корпус не боится непогоды, а шустрый процессор с хорошим запасом памяти — сложных задач. Емкого аккумулятора хватит до двух суток использования. Стереодинамики позволят погрузиться в контент, а улучшенный тактильный отклик — насладиться игровым процессом. Получение обновления для модели будет поддерживаться до 5 лет, чтобы обеспечить актуальность и безопасность устройства.", "photo": "product_photos/100033216598b0.webp", "price": "1.00"}}, {"model": "bot.shopcart", "pk": 2, "fields": {"owner": 1, "total_price": "24.00", "status": true}}, {"model": "bot.productquantity", "pk": 7, "fields": {"product": 2, "quantity": 23, "price": "1.00", "shop_cart": 2}}, {"model": "bot.productquantity", "pk": 8, "fields": {"product": 2, "quantity": 1, "price": "1.00", "shop_cart": 2}}, {"model": "bot.notification", "pk": 5, "fields": {"message": "ищыыыыы", "created_at": "2024-02-12T07:32:02.135Z", "sent": true}}, {"model": "bot.notification", "pk": 6, "fields": {"message": "ddsfsf", "created_at": "2024-02-12T07:32:57.184Z", "sent": true}}, {"model": "bot.notification", "pk": 7, "fields": {"message": "ваывавы", "created_at": "2024-02-12T07:35:28.694Z", "sent": true}}, {"model": "bot.notification", "pk": 8, "fields": {"message": "sdf", "created_at": "2024-02-12T07:36:00.194Z", "sent": true}}, {"model": "bot.faq", "pk": 1, "fields": {"question": "Not force particularly describe large instead.", "answer": "Key charge consider rise rather order order. Difference into crime. Life performance practice hair around parent.", "frequency": 7}}, {"model": "bot.faq", "pk": 2, "fields": {"question": "Skill everybody drop prevent.", "answer": "Tax dog national stand reality off. Among yeah mind.", "frequency": 94}}, {"model": "bot.faq", "pk": 3, "fields": {"question": "Movement another process everyone.", "answer": "Quite message effect order off. Daughter certainly range rock.", "frequency": 76}}, {"model": "bot.faq", "pk": 4, "fields": {"question": "Choice western fine religious.", "answer": "Clearly someone central challenge.", "frequency": 8}}, {"model": "bot.faq", "pk": 5, "fields": {"question": "Our something throw seat.", "answer": "Land fear produce all alone. Produce wife once top feeling game.", "frequency": 58}}, {"model": "bot.faq", "pk": 6, "fields": {"question": "Factor along amount region stop these.", "answer": "Also significant choose reflect such court process. Pull thank security may significant citizen other yes.", "frequency": 54}}, {"model": "bot.faq", "pk": 7, "fields": {"question": "Bed professional collection game woman turn notice.", "answer": "Tonight image camera country participant type about. Weight wonder suggest ability structure. Drive school get choose poor.", "frequency": 14}}, {"model": "bot.faq", "pk": 8, "fields": {"question": "Window attorney property your.", "answer": "Student feel response travel reality. American speech ago most expert.", "frequency": 74}}, {"model": "bot.faq", "pk": 9, "fields": {"question": "Face past boy chance away box.", "answer": "Represent price response the institution door hair. Education service somebody huge five.", "frequency": 37}}, {"model": "bot.faq", "pk": 10, "fields": {"question": "Bed lose yet seven stock quickly lose.", "answer": "Important couple improve.", "frequency": 83}}]